category,hts_pattern,source,notes
automobile,87032201,Proclamation 10908 Annex I / U.S. note 33(b),8-digit HTSUS subheading
automobile,87032301,Proclamation 10908 Annex I / U.S. note 33(b),8-digit HTSUS subheading
automobile,87032401,Proclamation 10908 Annex I / U.S. note 33(b),8-digit HTSUS subheading
automobile,87033101,Proclamation 10908 Annex I / U.S. note 33(b),8-digit HTSUS subheading
automobile,87033201,Proclamation 10908 Annex I / U.S. note 33(b),8-digit HTSUS subheading
automobile,87033301,Proclamation 10908 Annex I / U.S. note 33(b),8-digit HTSUS subheading
automobile,87034000,Proclamation 10908 Annex I / U.S. note 33(b),8-digit HTSUS subheading
automobile,87035000,Proclamation 10908 Annex I / U.S. note 33(b),8-digit HTSUS subheading
automobile,87036000,Proclamation 10908 Annex I / U.S. note 33(b),8-digit HTSUS subheading
automobile,87037000,Proclamation 10908 Annex I / U.S. note 33(b),8-digit HTSUS subheading
automobile,87038000,Proclamation 10908 Annex I / U.S. note 33(b),8-digit HTSUS subheading
automobile,87039001,Proclamation 10908 Annex I / U.S. note 33(b),8-digit HTSUS subheading
automobile,87042101,Proclamation 10908 Annex I / U.S. note 33(b),8-digit HTSUS subheading
automobile,87043101,Proclamation 10908 Annex I / U.S. note 33(b),8-digit HTSUS subheading
automobile,87044100,Proclamation 10908 Annex I / U.S. note 33(b),8-digit HTSUS subheading
automobile,87045100,Proclamation 10908 Annex I / U.S. note 33(b),8-digit HTSUS subheading
automobile,87046000,Proclamation 10908 Annex I / U.S. note 33(b),8-digit HTSUS subheading
auto_part,4009120020,CBP Attachment 2 Auto Parts HTS List,U.S. note 33(g)
auto_part,4009220020,CBP Attachment 2 Auto Parts HTS List,U.S. note 33(g)
auto_part,4009320020,CBP Attachment 2 Auto Parts HTS List,U.S. note 33(g)
auto_part,4009420020,CBP Attachment 2 Auto Parts HTS List,U.S. note 33(g)
auto_part,40111010,CBP Attachment 2 Auto Parts HTS List,U.S. note 33(g)
auto_part,40111050,CBP Attachment 2 Auto Parts HTS List,U.S. note 33(g)
auto_part,40112010,CBP Attachment 2 Auto Parts HTS List,U.S. note 33(g)
auto_part,40121940,CBP Attachment 2 Auto Parts HTS List,U.S. note 33(g)
auto_part,40121980,CBP Attachment 2 Auto Parts HTS List,U.S. note 33(g)
auto_part,40122060,CBP Attachment 2 Auto Parts HTS List,U.S. note 33(g)
auto_part,4013100010,CBP Attachment 2 Auto Parts HTS List,U.S. note 33(g)
auto_part,4013100020,CBP Attachment 2 Auto Parts HTS List,U.S. note 33(g)
auto_part,4016996010,CBP Attachment 2 Auto Parts HTS List,U.S. note 33(g)
auto_part,70072151,CBP Attachment 2 Auto Parts HTS List,U.S. note 33(g)
auto_part,70091000,CBP Attachment 2 Auto Parts HTS List,U.S. note 33(g)
auto_part,732010,CBP Attachment 2 Auto Parts HTS List,U.S. note 33(g)
auto_part,73202010,CBP Attachment 2 Auto Parts HTS List,U.S. note 33(g)
auto_part,83012000,CBP Attachment 2 Auto Parts HTS List,U.S. note 33(g)
auto_part,83021030,CBP Attachment 2 Auto Parts HTS List,U.S. note 33(g)
auto_part,830230,CBP Attachment 2 Auto Parts HTS List,U.S. note 33(g)
auto_part,84073100,CBP Attachment 2 Auto Parts HTS List,U.S. note 33(g)
auto_part,840732,CBP Attachment 2 Auto Parts HTS List,U.S. note 33(g)
auto_part,840733,CBP Attachment 2 Auto Parts HTS List,U.S. note 33(g)
auto_part,840734,CBP Attachment 2 Auto Parts HTS List,U.S. note 33(g)
auto_part,84082020,CBP Attachment 2 Auto Parts HTS List,U.S. note 33(g)
auto_part,8409911040,CBP Attachment 2 Auto Parts HTS List,U.S. note 33(g)
auto_part,8409991040,CBP Attachment 2 Auto Parts HTS List,U.S. note 33(g)
auto_part,84133010,CBP Attachment 2 Auto Parts HTS List,U.S. note 33(g)
auto_part,84133090,CBP Attachment 2 Auto Parts HTS List,U.S. note 33(g)
auto_part,84139110,CBP Attachment 2 Auto Parts HTS List,U.S. note 33(g)
auto_part,8413919010,CBP Attachment 2 Auto Parts HTS List,U.S. note 33(g)
auto_part,8414308030,CBP Attachment 2 Auto Parts HTS List,U.S. note 33(g)
auto_part,84145930,CBP Attachment 2 Auto Parts HTS List,U.S. note 33(g)
auto_part,8414596540,CBP Attachment 2 Auto Parts HTS List,U.S. note 33(g)
auto_part,84148005,CBP Attachment 2 Auto Parts HTS List,U.S. note 33(g)
auto_part,84152000,CBP Attachment 2 Auto Parts HTS List,U.S. note 33(g)
auto_part,84212300,CBP Attachment 2 Auto Parts HTS List,U.S. note 33(g)
auto_part,84213200,CBP Attachment 2 Auto Parts HTS List,U.S. note 33(g)
auto_part,84254900,CBP Attachment 2 Auto Parts HTS List,U.S. note 33(g)
auto_part,84269100,CBP Attachment 2 Auto Parts HTS List,U.S. note 33(g)
auto_part,8431100090,CBP Attachment 2 Auto Parts HTS List,U.S. note 33(g)
auto_part,8471,CBP Attachment 2 Auto Parts HTS List,U.S. note 33(g)
auto_part,84821010,CBP Attachment 2 Auto Parts HTS List,U.S. note 33(g)
auto_part,8482105044,CBP Attachment 2 Auto Parts HTS List,U.S. note 33(g)
auto_part,8482105048,CBP Attachment 2 Auto Parts HTS List,U.S. note 33(g)
auto_part,8482200020,CBP Attachment 2 Auto Parts HTS List,U.S. note 33(g)
auto_part,8482200030,CBP Attachment 2 Auto Parts HTS List,U.S. note 33(g)
auto_part,8482200040,CBP Attachment 2 Auto Parts HTS List,U.S. note 33(g)
auto_part,8482200061,CBP Attachment 2 Auto Parts HTS List,U.S. note 33(g)
auto_part,8482200070,CBP Attachment 2 Auto Parts HTS List,U.S. note 33(g)
auto_part,8482200081,CBP Attachment 2 Auto Parts HTS List,U.S. note 33(g)
auto_part,84824000,CBP Attachment 2 Auto Parts HTS List,U.S. note 33(g)
auto_part,84825000,CBP Attachment 2 Auto Parts HTS List,U.S. note 33(g)
auto_part,8483101030,CBP Attachment 2 Auto Parts HTS List,U.S. note 33(g)
auto_part,84831030,CBP Attachment 2 Auto Parts HTS List,U.S. note 33(g)
auto_part,850132,CBP Attachment 2 Auto Parts HTS List,U.S. note 33(g)
auto_part,850133,CBP Attachment 2 Auto Parts HTS List,U.S. note 33(g)
auto_part,850134,CBP Attachment 2 Auto Parts HTS List,U.S. note 33(g)
auto_part,850140,CBP Attachment 2 Auto Parts HTS List,U.S. note 33(g)
auto_part,850151,CBP Attachment 2 Auto Parts HTS List,U.S. note 33(g)
auto_part,850152,CBP Attachment 2 Auto Parts HTS List,U.S. note 33(g)
auto_part,850710,CBP Attachment 2 Auto Parts HTS List,U.S. note 33(g)
auto_part,850760,CBP Attachment 2 Auto Parts HTS List,U.S. note 33(g)
auto_part,85079040,CBP Attachment 2 Auto Parts HTS List,U.S. note 33(g)
auto_part,85079080,CBP Attachment 2 Auto Parts HTS List,U.S. note 33(g)
auto_part,8511100000,CBP Attachment 2 Auto Parts HTS List,U.S. note 33(g)
auto_part,85112000,CBP Attachment 2 Auto Parts HTS List,U.S. note 33(g)
auto_part,8511300040,CBP Attachment 2 Auto Parts HTS List,U.S. note 33(g)
auto_part,8511300080,CBP Attachment 2 Auto Parts HTS List,U.S. note 33(g)
auto_part,85114000,CBP Attachment 2 Auto Parts HTS List,U.S. note 33(g)
auto_part,85115000,CBP Attachment 2 Auto Parts HTS List,U.S. note 33(g)
auto_part,85118020,CBP Attachment 2 Auto Parts HTS List,U.S. note 33(g)
auto_part,85118060,CBP Attachment 2 Auto Parts HTS List,U.S. note 33(g)
auto_part,8511906020,CBP Attachment 2 Auto Parts HTS List,U.S. note 33(g)
auto_part,8511906040,CBP Attachment 2 Auto Parts HTS List,U.S. note 33(g)
auto_part,85122020,CBP Attachment 2 Auto Parts HTS List,U.S. note 33(g)
auto_part,85122040,CBP Attachment 2 Auto Parts HTS List,U.S. note 33(g)
auto_part,85123000,CBP Attachment 2 Auto Parts HTS List,U.S. note 33(g)
auto_part,85124020,CBP Attachment 2 Auto Parts HTS List,U.S. note 33(g)
auto_part,85124040,CBP Attachment 2 Auto Parts HTS List,U.S. note 33(g)
auto_part,85129020,CBP Attachment 2 Auto Parts HTS List,U.S. note 33(g)
auto_part,85129060,CBP Attachment 2 Auto Parts HTS List,U.S. note 33(g)
auto_part,85129070,CBP Attachment 2 Auto Parts HTS List,U.S. note 33(g)
auto_part,85198120,CBP Attachment 2 Auto Parts HTS List,U.S. note 33(g)
auto_part,8525601010,CBP Attachment 2 Auto Parts HTS List,U.S. note 33(g)
auto_part,852721,CBP Attachment 2 Auto Parts HTS List,U.S. note 33(g)
auto_part,852729,CBP Attachment 2 Auto Parts HTS List,U.S. note 33(g)
auto_part,8536410005,CBP Attachment 2 Auto Parts HTS List,U.S. note 33(g)
auto_part,853710,CBP Attachment 2 Auto Parts HTS List,U.S. note 33(g)
auto_part,853720,CBP Attachment 2 Auto Parts HTS List,U.S. note 33(g)
auto_part,8539100010,CBP Attachment 2 Auto Parts HTS List,U.S. note 33(g)
auto_part,8539100050,CBP Attachment 2 Auto Parts HTS List,U.S. note 33(g)
auto_part,85443000,CBP Attachment 2 Auto Parts HTS List,U.S. note 33(g)
auto_part,87060003,CBP Attachment 2 Auto Parts HTS List,U.S. note 33(g)
auto_part,87060005,CBP Attachment 2 Auto Parts HTS List,U.S. note 33(g)
auto_part,87060015,CBP Attachment 2 Auto Parts HTS List,U.S. note 33(g)
auto_part,87060025,CBP Attachment 2 Auto Parts HTS List,U.S. note 33(g)
auto_part,8707,CBP Attachment 2 Auto Parts HTS List,U.S. note 33(g)
auto_part,8707100020,CBP Attachment 2 Auto Parts HTS List,U.S. note 33(g)
auto_part,8707100040,CBP Attachment 2 Auto Parts HTS List,U.S. note 33(g)
auto_part,8707905020,CBP Attachment 2 Auto Parts HTS List,U.S. note 33(g)
auto_part,8707905040,CBP Attachment 2 Auto Parts HTS List,U.S. note 33(g)
auto_part,8707905060,CBP Attachment 2 Auto Parts HTS List,U.S. note 33(g)
auto_part,8707905080,CBP Attachment 2 Auto Parts HTS List,U.S. note 33(g)
auto_part,87081030,CBP Attachment 2 Auto Parts HTS List,U.S. note 33(g)
auto_part,87081060,CBP Attachment 2 Auto Parts HTS List,U.S. note 33(g)
auto_part,87082100,CBP Attachment 2 Auto Parts HTS List,U.S. note 33(g)
auto_part,870822,CBP Attachment 2 Auto Parts HTS List,U.S. note 33(g)
auto_part,870829,CBP Attachment 2 Auto Parts HTS List,U.S. note 33(g)
auto_part,870830,CBP Attachment 2 Auto Parts HTS List,U.S. note 33(g)
auto_part,87084011,CBP Attachment 2 Auto Parts HTS List,U.S. note 33(g)
auto_part,87084070,CBP Attachment 2 Auto Parts HTS List,U.S. note 33(g)
auto_part,87084075,CBP Attachment 2 Auto Parts HTS List,U.S. note 33(g)
auto_part,870850,CBP Attachment 2 Auto Parts HTS List,U.S. note 33(g)
auto_part,870870,CBP Attachment 2 Auto Parts HTS List,U.S. note 33(g)
auto_part,870880,CBP Attachment 2 Auto Parts HTS List,U.S. note 33(g)
auto_part,870891,CBP Attachment 2 Auto Parts HTS List,U.S. note 33(g)
auto_part,87089360,CBP Attachment 2 Auto Parts HTS List,U.S. note 33(g)
auto_part,87089375,CBP Attachment 2 Auto Parts HTS List,U.S. note 33(g)
auto_part,870894,CBP Attachment 2 Auto Parts HTS List,U.S. note 33(g)
auto_part,870895,CBP Attachment 2 Auto Parts HTS List,U.S. note 33(g)
auto_part,87089953,CBP Attachment 2 Auto Parts HTS List,U.S. note 33(g)
auto_part,87089955,CBP Attachment 2 Auto Parts HTS List,U.S. note 33(g)
auto_part,87089958,CBP Attachment 2 Auto Parts HTS List,U.S. note 33(g)
auto_part,87089968,CBP Attachment 2 Auto Parts HTS List,U.S. note 33(g)
auto_part,87169050,CBP Attachment 2 Auto Parts HTS List,U.S. note 33(g)
auto_part,901510,CBP Attachment 2 Auto Parts HTS List,U.S. note 33(g)
auto_part,902910,CBP Attachment 2 Auto Parts HTS List,U.S. note 33(g)
auto_part,9029204080,CBP Attachment 2 Auto Parts HTS List,U.S. note 33(g)
auto_part,94012000,CBP Attachment 2 Auto Parts HTS List,U.S. note 33(g)
